group_column,group_value,listings,triplets,mean_net_sentiment,mean_rating,mean_price
neighbourhood_group_cleansed,nan,1904,7973,0.898437762605042,nan,nan
neighbourhood_group_cleansed,Mitte,650,2656,0.8285289230769232,4.734923076923077,134.9569230769231
neighbourhood_group_cleansed,Friedrichshain-Kreuzberg,641,2751,0.8622875195007801,4.7909984399375976,121.71294851794072
neighbourhood_group_cleansed,Pankow,487,2053,0.881947433264887,4.794312114989733,121.95277207392198
neighbourhood_group_cleansed,Charlottenburg-Wilm.,266,1089,0.8034736842105262,4.7414661654135335,121.0187969924812
neighbourhood_group_cleansed,Neukölln,261,1089,0.8914555555555556,4.772681992337165,112.51340996168582
neighbourhood_group_cleansed,Tempelhof - Schöneberg,195,797,0.8410538461538463,4.755179487179487,104.85128205128206
neighbourhood_group_cleansed,Treptow - Köpenick,119,491,0.8875361344537815,4.768067226890756,88.4453781512605
neighbourhood_group_cleansed,Steglitz - Zehlendorf,78,339,0.8683474358974359,4.768846153846154,106.12820512820512
neighbourhood_group_cleansed,Lichtenberg,57,231,0.8338736842105263,4.7335087719298246,118.43859649122807
neighbourhood_group_cleansed,Reinickendorf,37,138,0.8662189189189189,4.853783783783784,76.91891891891892
neighbourhood_group_cleansed,Spandau,29,122,0.805748275862069,4.7506896551724145,104.82758620689656
neighbourhood_group_cleansed,Marzahn - Hellersdorf,29,109,0.851148275862069,4.833448275862069,98.37931034482759
room_type,Entire home/apt,2061,8624,0.8528547792333818,4.764129063561378,134.5002426006793
room_type,nan,1904,7973,0.898437762605042,nan,nan
room_type,Private room,712,2939,0.8670266853932584,4.791193820224719,77.66151685393258
room_type,Hotel room,43,172,0.7108511627906977,4.682093023255814,168.46511627906978
room_type,Shared room,33,130,0.8040424242424242,4.633333333333334,51.0
