annotation_id,aste_row_id,listing_id,review_id,sentence_id,date,sentence,gold_aspect_text,gold_opinion_text,gold_sentiment,gold_aspect_start,gold_aspect_end,gold_opinion_start,gold_opinion_end,model_triplets,model_triplet_count,notes,manual_check_ok,manual_check_notes
924,924,17904,10571078,1,2014-02-25,A perfect place for a weekend in Berlin.,place,perfect,POS,2,2,1,1,place | perfect | POS | keep | accommodation,1,MODELL_VORBEFUELLT_REVIEW_REQUIRED,,
142,142,3176,2055840,5,2012-08-21,Its a great neighbourhood with incredible restaurants and it was really lovely to pop around the corner on Saturday morning and see the farmers market.,neighbourhood,great,POS,3,3,2,2,neighbourhood | great | POS | keep | location,1,MODELL_VORBEFUELLT_REVIEW_REQUIRED,,
33,33,3176,193610,2,2011-03-07,Organisation have been precise and easy with her.,Organisation ; Organisation,precise ; easy,POS ; POS,0 ; 0,0 ; 0,3 ; 5,3 ; 5,Organisation | precise | POS | keep | host_communication ; Organisation | easy | POS | keep | host_communication,2,MODELL_VORBEFUELLT_REVIEW_REQUIRED,,
370,370,3176,29824860,1,2015-04-13,Britta was a wonderful host - being super helpful with information during the booking process and then during our stay.,host ; information,wonderful ; helpful,POS ; POS,4 ; 10,4 ; 10,3 ; 8,3 ; 8,host | wonderful | POS | keep | host_communication ; information | helpful | POS | keep | host_communication,2,MODELL_VORBEFUELLT_REVIEW_REQUIRED,,
326,326,3176,23221649,1,2014-11-25,Beautiful flat which felt like home.,flat,Beautiful,POS,1,1,0,0,flat | Beautiful | POS | keep | accommodation,1,MODELL_VORBEFUELLT_REVIEW_REQUIRED,,
289,289,3176,18529024,2,2014-08-28,"Superb location in Prenzlauer berg neighborhood, and was well equipped and comfort for our baby.",location,Superb,POS,1,1,0,0,location | Superb | POS | keep | location,1,MODELL_VORBEFUELLT_REVIEW_REQUIRED,,
180,180,3176,3034592,5,2012-12-06,"Markets, restaurants, cafes and parks, and the metro and tram are all really close and everything is easy to get to.",cafes ; metro ; tram,close ; close ; close,POS ; POS ; POS,2 ; 7 ; 9,2 ; 7 ; 9,13 ; 13 ; 13,13 ; 13 ; 13,cafes | close | POS | keep | surroundings_food ; metro | close | POS | keep | transport ; tram | close | POS | keep | transport,3,MODELL_VORBEFUELLT_REVIEW_REQUIRED,,
129,129,3176,1651302,3,2012-07-07,"There's also one of the best bio supermarkets i´ve been to just a short walk from the place, and a 10 min walk to the busier areas in Mitte.",bio supermarkets,best,POS,6,7,5,5,bio supermarkets | best | POS | keep | surroundings_food,1,MODELL_VORBEFUELLT_REVIEW_REQUIRED,,
984,984,17904,15756457,1,2014-07-15,"The apartment was cosy, perfect for two.",apartment,perfect,POS,1,1,4,4,apartment | perfect | POS | keep | accommodation,1,MODELL_VORBEFUELLT_REVIEW_REQUIRED,,
776,776,17904,2471454,1,2012-10-01,The flat is bright and pleasant and in an excellent location.,flat ; flat,bright ; pleasant,POS ; POS,1 ; 1,1 ; 1,3 ; 5,3 ; 5,flat | bright | POS | keep | accommodation ; flat | pleasant | POS | keep | accommodation,2,MODELL_VORBEFUELLT_REVIEW_REQUIRED,,
107,107,3176,930149,1,2012-02-19,Excellent appartment in great neighbourhood.,appartment,Excellent,POS,1,1,0,0,appartment | Excellent | POS | keep | accommodation,1,MODELL_VORBEFUELLT_REVIEW_REQUIRED,,
842,842,17904,4051908,3,2013-04-06,"The couch was somehow locked on the ""bed"" position and couldn't get it to a sitting position.",couch,locked,NEU,1,1,4,4,couch | locked | NEU | keep | comfort,1,MODELL_VORBEFUELLT_REVIEW_REQUIRED,,
584,584,9991,588204942,2,2020-01-04,"The apartment is clean, cares for ecology and extremely comfortable.",apartment ; apartment,clean ; comfortable,POS ; POS,1 ; 1,1 ; 1,3 ; 9,3 ; 9,,0,REGELBASIERT_ERGAENZT_REVIEW_REQUIRED,,
40,40,3176,213252,4,2011-03-30,I'd definitely stay there again.,stay,stay,POS,2,2,2,2,,0,REGELBASIERT_ERGAENZT_REVIEW_REQUIRED,,
38,38,3176,213252,2,2011-03-30,"It was in a great location, very charming and spacious apartment.",location ; location ; location ; apartment,great ; charming ; spacious ; great,POS ; POS ; POS ; POS,5 ; 5 ; 5 ; 10,5 ; 5 ; 5 ; 10,4 ; 7 ; 9 ; 4,4 ; 7 ; 9 ; 4,,0,REGELBASIERT_ERGAENZT_REVIEW_REQUIRED,,
116,116,3176,1380765,7,2012-05-30,"Spacious and quiet, yet in the midst of tons of great cafés and restaurants!",cafés,great,POS,11,11,10,10,cafés | great | POS | keep | surroundings_food,1,MODELL_VORBEFUELLT_REVIEW_REQUIRED,,
283,283,3176,17674968,1,2014-08-16,"Fantastic location, in a nice leafy street with parks, cafes and restaurants nearby.",street,nice leafy,POS,6,6,4,5,street | nice leafy | POS | keep | location,1,MODELL_VORBEFUELLT_REVIEW_REQUIRED,,
309,309,3176,19767627,1,2014-09-18,Britta's flat was a cozy & comfortable place.,flat ; flat,cozy ; comfortable,POS ; POS,1 ; 1,1 ; 1,4 ; 6,4 ; 6,flat | cozy | POS | keep | accommodation ; flat | comfortable | POS | keep | accommodation,2,MODELL_VORBEFUELLT_REVIEW_REQUIRED,,
717,717,17904,852426,1,2012-01-09,The flat is very nice.,flat,nice,POS,1,1,4,4,,0,REGELBASIERT_ERGAENZT_REVIEW_REQUIRED,,
863,863,17904,5083568,1,2013-06-11,Great location with nice view of the canal.,location ; view,Great ; nice,POS ; POS,1 ; 4,1 ; 4,0 ; 3,0 ; 3,location | Great | POS | keep | location ; view | nice | POS | keep | view,2,MODELL_VORBEFUELLT_REVIEW_REQUIRED,,
35,35,3176,206258,1,2011-03-22,Britta's flat was perfect for our week end in Berlin.,flat,perfect,POS,1,1,3,3,flat | perfect | POS | keep | accommodation,1,MODELL_VORBEFUELLT_REVIEW_REQUIRED,,
799,799,17904,2946358,5,2012-11-23,I highly recommend staying at Max's when visiting Berlin.,stay ; stay,highly recommend ; recommend,POS ; POS,3 ; 3,3 ; 3,1 ; 2,2 ; 2,,0,REGELBASIERT_ERGAENZT_REVIEW_REQUIRED,,
256,256,3176,11555558,3,2014-04-07,The appartement itself is very cosy and the kitchen is fully equipped with what you need.,appartement ; kitchen,cosy ; fully equipped,POS ; POS,1 ; 8,1 ; 8,5 ; 10,5 ; 11,appartement | cosy | POS | keep | accommodation ; kitchen | fully equipped | POS | keep | amenities,2,MODELL_VORBEFUELLT_REVIEW_REQUIRED,,
939,939,17904,11992612,3,2014-04-21,The appartment itself is very cosy and nice.,appartment,cosy,POS,1,1,5,5,appartment | cosy | POS | keep | accommodation,1,MODELL_VORBEFUELLT_REVIEW_REQUIRED,,
986,986,17904,18995613,1,2014-09-04,Great location - right next to Landwehrkanal and Kottbusser Tor.,location,Great,POS,1,1,0,0,location | Great | POS | keep | location,1,MODELL_VORBEFUELLT_REVIEW_REQUIRED,,
581,581,9991,488656924,2,2019-07-15,Modern apartment will everything necessary and more.,apartment,Modern,POS,1,1,0,0,apartment | Modern | POS | keep | accommodation,1,MODELL_VORBEFUELLT_REVIEW_REQUIRED,,
286,286,3176,17964940,1,2014-08-19,We had a pleasant stay in the apartment which really has a top location near Kollwitzplatz.,stay ; apartment,pleasant ; pleasant,POS ; POS,4 ; 7,4 ; 7,3 ; 3,3 ; 3,stay | pleasant | POS | keep | overall_experience ; apartment | pleasant | POS | keep | accommodation,2,MODELL_VORBEFUELLT_REVIEW_REQUIRED,,
626,626,14325,218968,4,2011-04-06,Our son is living in Berlin and when we return next year we hope to be able to stay agin.,stay,return,POS,18,18,9,9,,0,REGELBASIERT_ERGAENZT_REVIEW_REQUIRED,,
841,841,17904,4051908,2,2013-04-06,"One minute from the nearest subway station, ten walking minutes to the great steet of Oranien full of bars and restaurants.",steet,great,POS,13,13,12,12,steet | great | POS | keep | location,1,MODELL_VORBEFUELLT_REVIEW_REQUIRED,,
373,373,3176,31569942,2,2015-05-07,Especially the loungespot in the livingroom is great after a long day walking in the city.,loungespot ; livingroom,great ; great,POS ; POS,2 ; 5,2 ; 5,7 ; 7,7 ; 7,loungespot | great | POS | keep | interior ; livingroom | great | POS | keep | interior,2,MODELL_VORBEFUELLT_REVIEW_REQUIRED,,
7,7,3176,134722,4,2010-11-07,I would surely stay there again.,stay,stay,POS,3,3,3,3,,0,REGELBASIERT_ERGAENZT_REVIEW_REQUIRED,,
208,208,3176,6040823,4,2013-07-28,"We stayed 2 adults and 2 kids in the apartment, and it is perfect for kids as well.",stay ; apartment,perfect ; perfect,POS ; POS,1 ; 9,1 ; 9,13 ; 13,13 ; 13,,0,REGELBASIERT_ERGAENZT_REVIEW_REQUIRED,,
983,983,17904,14775037,11,2014-06-26,Max's apartment is terrific value for money and I would have no hesitation in staying here again.,apartment ; value,terrific ; terrific,POS ; POS,1 ; 4,1 ; 4,3 ; 3,3 ; 3,apartment | terrific | POS | keep | accommodation ; value | terrific | POS | keep | value,2,MODELL_VORBEFUELLT_REVIEW_REQUIRED,,
462,462,3176,60256392,3,2016-01-21,Nevertheless the location is perfect.,location,perfect,POS,2,2,4,4,,0,REGELBASIERT_ERGAENZT_REVIEW_REQUIRED,,
958,958,17904,13315095,4,2014-05-25,The Wifi worked flawlessly and there are plenty of amazing clubs in the area.,Wifi ; clubs,flawlessly ; amazing,POS ; POS,1 ; 10,1 ; 10,3 ; 9,3 ; 9,Wifi | flawlessly | POS | keep | amenities ; clubs | amazing | POS | keep | surroundings,2,MODELL_VORBEFUELLT_REVIEW_REQUIRED,,
204,204,3176,5330123,1,2013-06-24,A very nice place in a very nice neighbourhood.,place,nice,POS,3,3,2,2,place | nice | POS | keep | accommodation,1,MODELL_VORBEFUELLT_REVIEW_REQUIRED,,
280,280,3176,16451800,3,2014-07-28,We loved the area also.,area,loved,POS,3,3,1,1,area | loved | POS | keep | location,1,MODELL_VORBEFUELLT_REVIEW_REQUIRED,,
455,455,3176,59328640,1,2016-01-09,"Lots of space and in a quiet area, but close to lots of great restaurants and cafes.",restaurants,great,POS,14,14,13,13,restaurants | great | POS | keep | surroundings_food,1,MODELL_VORBEFUELLT_REVIEW_REQUIRED,,
989,989,17904,18995613,4,2014-09-04,"The sofa-bed didn't work, but there were enough space to sleep in sofa and in the loft for us two.",space,enough,POS,8,8,7,7,space | enough | POS | keep | interior,1,MODELL_VORBEFUELLT_REVIEW_REQUIRED,,
115,115,3176,1380765,6,2012-05-30,I'd definitely recommend this place to anyone.,place,recommend,POS,4,4,2,2,,0,REGELBASIERT_ERGAENZT_REVIEW_REQUIRED,,
517,517,3176,124098964,2,2017-01-01,You have a fantastic Appartement in an awesome area.,Appartement,fantastic,POS,4,4,3,3,Appartement | fantastic | POS | keep | accommodation,1,MODELL_VORBEFUELLT_REVIEW_REQUIRED,,
123,123,3176,1608161,2,2012-07-02,My husband and I loved the apartment and were very sad when we had to leave.,apartment ; apartment,loved ; sad,POS ; NEG,6 ; 6,6 ; 6,4 ; 10,4 ; 10,apartment | loved | POS | keep | accommodation ; apartment | sad | NEG | keep | accommodation,2,MODELL_VORBEFUELLT_REVIEW_REQUIRED,,
486,486,3176,69166782,7,2016-04-09,"Finally, it would have been appreciated if we had been notified about the ongoing construction behind the house.",construction,appreciated,POS,14,14,5,5,construction | appreciated | POS | keep | building,1,MODELL_VORBEFUELLT_REVIEW_REQUIRED,,
466,466,3176,61299478,4,2016-02-02,The apartment itself was very spacious and charming.,apartment,spacious,POS,1,1,5,5,apartment | spacious | POS | keep | accommodation,1,MODELL_VORBEFUELLT_REVIEW_REQUIRED,,
866,866,17904,5204389,2,2013-06-18,The apartment was exactly as described and perfect for my friend and I.,apartment,perfect,POS,1,1,7,7,apartment | perfect | POS | keep | accommodation,1,MODELL_VORBEFUELLT_REVIEW_REQUIRED,,
354,354,3176,27582512,1,2015-03-08,"The flat is exactly as described, located in a really great part of Berlin, with a lot of good restaurants very close to the apartment (we liked the mazel tov, where we could have a nice meal after 10 pm).",meal,nice,POS,36,36,35,35,meal | nice | POS | keep | surroundings_food,1,MODELL_VORBEFUELLT_REVIEW_REQUIRED,,
53,53,3176,311329,3,2011-06-13,All communication with Britta was great.,communication,great,POS,1,1,5,5,,0,REGELBASIERT_ERGAENZT_REVIEW_REQUIRED,,
639,639,14325,671500,6,2011-10-28,"Ho and try the burger place called ""the bird"" 100m away.",burger place,try,POS,4,5,2,2,burger place | try | POS | keep | surroundings_food,1,MODELL_VORBEFUELLT_REVIEW_REQUIRED,,
765,765,17904,1851772,4,2012-07-31,The apartment is compact but embedded everything we need.,apartment,compact,POS,1,1,3,3,apartment | compact | POS | keep | accommodation,1,MODELL_VORBEFUELLT_REVIEW_REQUIRED,,
155,155,3176,2460574,5,2012-09-30,"Communication with Maarten was incredible, he always got back to us really quickly and kindly arranged a last minute booking late at night.",communication ; communication,incredible ; quickly,POS ; POS,0 ; 0,0 ; 0,4 ; 12,4 ; 12,,0,REGELBASIERT_ERGAENZT_REVIEW_REQUIRED,,
515,515,3176,121984850,7,2016-12-20,Will definitely recommend and would like to stay again if there is a chance I go back to Berlin!,stay,recommend,POS,7,7,2,2,,0,REGELBASIERT_ERGAENZT_REVIEW_REQUIRED,,
97,97,3176,822028,1,2012-01-02,We had a fantastic and very comfortable stay at Btitta's and Maarten's spacious place.,stay ; stay,fantastic ; comfortable,POS ; POS,7 ; 7,7 ; 7,3 ; 6,3 ; 6,stay | fantastic | POS | keep | overall_experience ; stay | comfortable | POS | keep | overall_experience,2,MODELL_VORBEFUELLT_REVIEW_REQUIRED,,
784,784,17904,2518910,3,2012-10-06,Very close walk to the subways and easy to get to.,subways,close,POS,5,5,1,1,subways | close | POS | keep | transport,1,MODELL_VORBEFUELLT_REVIEW_REQUIRED,,
398,398,3176,36271618,1,2015-06-27,"Britta was very responsive before we arrived and made arrangements for a baby cot, bouncer and changing mat.",bouncer,responsive,POS,14,14,3,3,bouncer | responsive | POS | keep | family,1,MODELL_VORBEFUELLT_REVIEW_REQUIRED,,
906,906,17904,8260988,2,2013-10-22,Excellent service; everything you need is available in the appartement.,appartement,excellent,POS,9,9,0,0,,0,REGELBASIERT_ERGAENZT_REVIEW_REQUIRED,,
892,892,17904,7305232,6,2013-09-15,"Mr Vieth (housekeeper) gave us a warm welcome, he'll be of help any time, and Max is also easy to contact.",contact ; contact,warm ; easy,POS ; POS,20 ; 20,20 ; 20,6 ; 18,6 ; 18,,0,REGELBASIERT_ERGAENZT_REVIEW_REQUIRED,,
490,490,3176,78700535,1,2016-06-08,Staying in Britta's lovely flat was a major factor in making our trip to Berlin a magical experience.,flat,lovely,POS,4,4,3,3,flat | lovely | POS | keep | accommodation,1,MODELL_VORBEFUELLT_REVIEW_REQUIRED,,
826,826,17904,3399922,3,2013-01-23,The canal is right out side your window as is the Turkish Market on Tuesdays and Fridays (a very very excellent advantage of this place).,canal ; Turkish Market,excellent ; excellent,POS ; POS,1 ; 11,1 ; 12,20 ; 20,20 ; 20,canal | excellent | POS | keep | location ; Turkish Market | excellent | POS | keep | surroundings_food,2,MODELL_VORBEFUELLT_REVIEW_REQUIRED,,
249,249,3176,10588736,1,2014-02-26,"Great location, nice and quiet neighbors!",location ; location ; location,great ; nice ; quiet,POS ; POS ; POS,1 ; 1 ; 1,1 ; 1 ; 1,0 ; 2 ; 4,0 ; 2 ; 4,,0,REGELBASIERT_ERGAENZT_REVIEW_REQUIRED,,
86,86,3176,549671,3,2011-09-20,The apartment was just as expected in a great neighborhood.,apartment ; apartment ; neighborhood ; neighborhood,as expected ; great ; as expected ; great,NEU ; POS ; NEU ; POS,1 ; 1 ; 9 ; 9,1 ; 1 ; 9 ; 9,4 ; 8 ; 4 ; 8,5 ; 8 ; 5 ; 8,,0,REGELBASIERT_ERGAENZT_REVIEW_REQUIRED,,
56,56,3176,320095,2,2011-06-18,My only complaint would be that the building is very noisy--every step up and down the stairs is quite audible.,building ; building ; building ; stairs,complaint ; noisy ; audible ; complaint,NEG ; NEG ; NEG ; NEG,7 ; 7 ; 7 ; 16,7 ; 7 ; 7 ; 16,2 ; 10 ; 19 ; 2,2 ; 10 ; 19 ; 2,,0,REGELBASIERT_ERGAENZT_REVIEW_REQUIRED,,
300,300,3176,19208706,3,2014-09-08,"The apartment was as described, we felt us very comfortable there.",apartment,comfortable,POS,1,1,9,9,apartment | comfortable | POS | keep | accommodation,1,MODELL_VORBEFUELLT_REVIEW_REQUIRED,,
392,392,3176,35080238,2,2015-06-15,"The flat is very nice, and the newly-built balcony was a great addition to the living room.",balcony,great,POS,8,8,11,11,balcony | great | POS | keep | outdoor,1,MODELL_VORBEFUELLT_REVIEW_REQUIRED,,
99,99,3176,822028,3,2012-01-02,The location is very central and quite in the midst of things and we enjoyed roaming the streets in the area.,location,central,POS,1,1,4,4,location | central | POS | keep | location,1,MODELL_VORBEFUELLT_REVIEW_REQUIRED,,
978,978,17904,14775037,6,2014-06-26,"The apartment is in a wonderful location, overlooking the canal, and close to 2 Ubahn stations.",apartment,wonderful,POS,1,1,5,5,apartment | wonderful | POS | keep | accommodation,1,MODELL_VORBEFUELLT_REVIEW_REQUIRED,,
128,128,3176,1651302,2,2012-07-07,It is truly a beautiful apartment in a perfect location close to many good cafes and restaurants.,apartment ; location ; cafes,beautiful ; perfect ; good,POS ; POS ; POS,5 ; 9 ; 14,5 ; 9 ; 14,4 ; 8 ; 13,4 ; 8 ; 13,apartment | beautiful | POS | keep | accommodation ; location | perfect | POS | keep | location ; cafes | good | POS | keep | surroundings_food,3,MODELL_VORBEFUELLT_REVIEW_REQUIRED,,
937,937,17904,11992612,1,2014-04-21,Had a great time at Max's studio at Kreuzenberg.,studio,great,POS,6,6,2,2,studio | great | POS | keep | accommodation,1,MODELL_VORBEFUELLT_REVIEW_REQUIRED,,
946,946,17904,13069449,1,2014-05-19,Matthias studio is perfect for people who wants to live near the centre of Berlin but to be far from touristic buzz.,Matthias studio,perfect,POS,0,1,3,3,Matthias studio | perfect | POS | keep | accommodation,1,MODELL_VORBEFUELLT_REVIEW_REQUIRED,,
632,632,14325,515445,6,2011-09-09,You can't ask for a better place to stay.,place,better,NEU,6,6,5,5,place | better | NEU | keep | accommodation,1,MODELL_VORBEFUELLT_REVIEW_REQUIRED,,
493,493,3176,78700535,4,2016-06-08,Having this great place to come home to each day helped us relax and feel comfortable in a brand new city.,place,great,POS,3,3,2,2,place | great | POS | keep | accommodation,1,MODELL_VORBEFUELLT_REVIEW_REQUIRED,,
212,212,3176,6812133,4,2013-08-26,The flat was lovely and had all what one needs to stay for a week.,flat,lovely,POS,1,1,3,3,flat | lovely | POS | keep | accommodation,1,MODELL_VORBEFUELLT_REVIEW_REQUIRED,,
501,501,3176,83394978,5,2016-07-02,we head the best time and we recommend staying at Britta's appartment strongly!,appartment,recommend,POS,11,11,7,7,time | best | POS | drop | exclude ; appartment | recommend | POS | keep | accommodation,2,MODELL_VORBEFUELLT_REVIEW_REQUIRED | SKIPPED_MODEL_TRIPLETS: time | best | POS | drop | exclude,,
480,480,3176,69166782,1,2016-04-09,The flat is spacious and centrally located in the Kollwitzkiez.,flat ; flat,spacious ; centrally located,POS ; POS,1 ; 1,1 ; 1,3 ; 5,3 ; 6,flat | spacious | POS | keep | accommodation ; flat | centrally located | POS | keep | accommodation,2,MODELL_VORBEFUELLT_REVIEW_REQUIRED,,
271,271,3176,15324866,6,2014-07-07,"The lack of hot water was inconvenient, especially with a baby, but Britta and her management company were helpful and responsive.",hot water ; hot water ; management company,"lack ; inconvenient, ; helpful",NEG ; NEG ; POS,3 ; 3 ; 15,4 ; 4 ; 16,1 ; 6 ; 18,1 ; 6 ; 18,"hot water | lack | NEG | keep | amenities ; hot water | inconvenient, | NEG | keep | amenities ; management company | helpful | POS | keep | host_communication",3,MODELL_VORBEFUELLT_REVIEW_REQUIRED,,
358,358,3176,28477675,2,2015-03-24,"The apartment was quiet, really well decorated and in a great location.",apartment,well decorated,POS,1,1,5,6,apartment | well decorated | POS | keep | accommodation,1,MODELL_VORBEFUELLT_REVIEW_REQUIRED,,
89,89,3176,593976,1,2011-10-03,I thought this was a great apartment in a fabulous location.,apartment,great,POS,6,6,5,5,apartment | great | POS | keep | accommodation,1,MODELL_VORBEFUELLT_REVIEW_REQUIRED,,
871,871,17904,6076948,2,2013-07-29,"The apartment was clean, the neighbors were quiet and the twice weekly market (Tuesdays and Fridays) was so lovely to wake up to.",neighbors ; market,quiet ; lovely,POS ; POS,5 ; 12,5 ; 12,7 ; 18,7 ; 18,neighbors | quiet | POS | keep | location ; market | lovely | POS | keep | surroundings_food,2,MODELL_VORBEFUELLT_REVIEW_REQUIRED,,
222,222,3176,8991177,1,2013-12-01,"I stayed in this wonderful flat for 5.5 weeks in Fall, 2013.",flat,wonderful,POS,5,5,4,4,flat | wonderful | POS | keep | accommodation,1,MODELL_VORBEFUELLT_REVIEW_REQUIRED,,
762,762,17904,1851772,1,2012-07-31,It's really nice experience to choose this apartment during our stay in Berlin.,apartment,nice,POS,7,7,2,2,apartment | nice | POS | keep | accommodation,1,MODELL_VORBEFUELLT_REVIEW_REQUIRED,,
992,992,17904,19220203,1,2014-09-08,"The apartment was everything we had hoped for - spacious, clean and lots of light.",apartment,clean,POS,1,1,10,10,apartment | clean | POS | keep | accommodation,1,MODELL_VORBEFUELLT_REVIEW_REQUIRED,,
213,213,3176,7032970,1,2013-09-04,"We fully endorse the description of the flat as being a ""Fabulous Flat in a Great Location"".",flat ; flat ; location ; location,fabulous ; great ; fabulous ; great,POS ; POS ; POS ; POS,7 ; 7 ; 16 ; 16,7 ; 7 ; 16 ; 16,11 ; 15 ; 11 ; 15,11 ; 15 ; 11 ; 15,,0,REGELBASIERT_ERGAENZT_REVIEW_REQUIRED,,
643,643,14325,903418,1,2012-02-06,The host canceled my reservation 86 days before arrival.,host ; reservation,canceled ; canceled,NEG ; NEG,1 ; 4,1 ; 4,2 ; 2,2 ; 2,host | canceled | NEG | keep | host_communication ; reservation | canceled | NEG | keep | booking,2,MODELL_VORBEFUELLT_REVIEW_REQUIRED,,
516,516,3176,124098964,1,2017-01-01,Thanks for the great stay.,stay,great,POS,4,4,3,3,,0,REGELBASIERT_ERGAENZT_REVIEW_REQUIRED,,
364,364,3176,29497625,2,2015-04-08,The location is absolutely perfect!,location,perfect,POS,1,1,4,4,,0,REGELBASIERT_ERGAENZT_REVIEW_REQUIRED,,
792,792,17904,2862701,2,2012-11-12,"The location is great and near the subway, the turkish market is really nice as well as the view on the river.",location ; turkish market,great ; nice,POS ; POS,1 ; 9,1 ; 10,3 ; 13,3 ; 13,location | great | POS | keep | location ; turkish market | nice | POS | keep | surroundings_food,2,MODELL_VORBEFUELLT_REVIEW_REQUIRED,,
284,284,3176,17674968,2,2014-08-16,"The apartment is light, spacious, well equipped, and quiet.",apartment ; apartment ; apartment,light ; spacious ; quiet,POS ; POS ; POS,1 ; 1 ; 1,1 ; 1 ; 1,3 ; 4 ; 8,3 ; 4 ; 8,,0,REGELBASIERT_ERGAENZT_REVIEW_REQUIRED,,
439,439,3176,54030475,2,2015-11-15,"It's also a great part of town- all in all, a very pleasant stay in Berlin thanks to Britta and her apartment.",stay,pleasant,POS,13,13,12,12,stay | pleasant | POS | keep | overall_experience,1,MODELL_VORBEFUELLT_REVIEW_REQUIRED,,
69,69,3176,349434,5,2011-07-03,The organisation was easy with Britta!,organisation,easy,POS,1,1,3,3,organisation | easy | POS | keep | host_communication,1,MODELL_VORBEFUELLT_REVIEW_REQUIRED,,
305,305,3176,19208706,8,2014-09-08,Would love to stay in your flat again.,stay,stay,POS,3,3,3,3,,0,REGELBASIERT_ERGAENZT_REVIEW_REQUIRED,,
982,982,17904,14775037,10,2014-06-26,The apartment is very easy to find using Max's directions and an easy journey from the airport.,apartment,easy,POS,1,1,4,4,apartment | easy | POS | keep | accommodation,1,MODELL_VORBEFUELLT_REVIEW_REQUIRED,,
427,427,3176,52397545,1,2015-10-29,Great place in a great neighbourhood.,place ; neighbourhood,great ; great,POS ; POS,1 ; 5,1 ; 5,0 ; 0,0 ; 0,,0,REGELBASIERT_ERGAENZT_REVIEW_REQUIRED,,
552,552,3176,899081610750985209,8,2023-05-25,"Smaller problems, but for a longer stay and given the rate being charged, felt like an okay stay rather than a great one.",stay ; stay,longer ; okay,NEU ; NEU,6 ; 6,6 ; 6,5 ; 16,5 ; 16,stay | longer | NEU | keep | overall_experience ; stay | okay | NEU | keep | overall_experience,2,MODELL_VORBEFUELLT_REVIEW_REQUIRED,,
359,359,3176,28477675,3,2015-03-24,The info about personal recommendations was handy and there are some great restaurants nearby.,info ; personal recommendations,handy ; handy,POS ; POS,1 ; 3,1 ; 4,6 ; 6,6 ; 6,info | handy | POS | keep | host_communication ; personal recommendations | handy | POS | keep | host_communication,2,MODELL_VORBEFUELLT_REVIEW_REQUIRED,,
81,81,3176,517600,3,2011-09-10,A very well maintained flat and very comfortable for three people or possibly even four.,flat ; flat,well maintained ; comfortable,POS ; POS,4 ; 4,4 ; 4,2 ; 7,3 ; 7,flat | well maintained | POS | keep | accommodation ; flat | comfortable | POS | keep | accommodation,2,MODELL_VORBEFUELLT_REVIEW_REQUIRED,,
275,275,3176,16138222,1,2014-07-22,We stayed in this very nice apartment in the best neighbourhood in Berlin (or so we think).,apartment,nice,POS,6,6,5,5,apartment | nice | POS | keep | accommodation,1,MODELL_VORBEFUELLT_REVIEW_REQUIRED,,
805,805,17904,2987723,6,2012-11-28,Maybachufer is a very nice place to stay when you want to visit Berlin!,place,nice,POS,5,5,4,4,place | nice | POS | keep | accommodation,1,MODELL_VORBEFUELLT_REVIEW_REQUIRED,,
426,426,3176,49778109,1,2015-10-06,"What you see is what you get.homely, spacious and well located",home ; home,homely ; spacious,POS ; POS,6 ; 6,6 ; 6,6 ; 7,6 ; 7,,0,REGELBASIERT_ERGAENZT_REVIEW_REQUIRED,,
276,276,3176,16138222,2,2014-07-22,"Dining, bars and shopping is all in walking distance and the Saturday morning market is just around the corner.",bars ; market,walking distance ; walking distance,POS ; POS,1 ; 13,1 ; 13,7 ; 7,8 ; 8,,0,REGELBASIERT_ERGAENZT_REVIEW_REQUIRED,,
710,710,17904,780149,1,2011-12-12,My stay in Matthias' apt in Kreuzberg was wonderful.,stay,wonderful,POS,1,1,8,8,,0,REGELBASIERT_ERGAENZT_REVIEW_REQUIRED,,
544,544,3176,720360062,1,2021-01-01,A beautiful place from a lovely host and with very good vibes.,place ; host,beautiful ; lovely,POS ; POS,2 ; 6,2 ; 6,1 ; 5,1 ; 5,place | beautiful | POS | keep | accommodation ; host | lovely | POS | keep | host_communication,2,MODELL_VORBEFUELLT_REVIEW_REQUIRED,,
